SNP,CHR,BP,Loc,Nearest_Gene,QTL_Nominated_Gene,eff_allele,ref_allele,EAF_Meta5,test,Beta_Meta5,OR_Meta5,Beta_test,SE_Meta5,P_Meta5,eff_allele_iRBD,ref_allele_iRBD,meta5_beta_adjusted_iRBD,Test_iRBD,Direction_compare_iRBD_all,Direction_compare_iRBD,beta_diff_iRBD,z-score_iRBD,P_iRBD,NAME,N_iRBD,EAF_iRBD,beta_iRBD,se_iRBD,Beta_23andMe,meta5_beta_adjusted_23andMe,OR_23andMe,Beta_test,direction_23andMe_all,direction_23andMe,SE_23andMe,P_23andMe,test,EAF_23andMe,Beta_metaRBD,meta5_beta_adjusted_metaRBD,OR_metaRBD,Beta_test,direction_metaRBD,SE_metaRBD,P_metaRBD,EAF_metaRBD,test,DLB_A1,DLB_A2,DLB_A1_FREQ,DLB_BETA,DLB_SE,DLB_P,test_ref,meta5_adjusted_beta_DLB,test,Direction_DLB,Direction_DLBiRBD,Gene_DLB
rs76763715,1,155205634,1:155205634,GBAP1,GBAP1,t,c,0.9953,1,0.7467,0.473927937,0,0.0765,1.59E-22,T,C,1.1787,0,same,same,0.432,3.397975686,0.000678863,GBA,9447,0.00349,1.1787,0.346883,-1.0066,1.0066,0.365459432,0,same,same,0.185491,1.35E-06,1,0.994608,-1.0449,1.0449,0.35172699,0,same,0.1636,1.68E-10,0.9965,1,NA,NA,NA,NA,NA,NA,0,NA,NA,NA,NA,
rs181609621,12,32810759,12:32810759,FGD4,,a,c,0.9882,1,-0.4232,0.65494763,0,0.065,7.69E-11,C,A,0.276584,1,different,undetermined,-0.146616,-0.395829666,0.692231,,9447,0.00162,-0.276584,0.698745,-0.138796,-0.138796,0.870405573,0,same,undetermined,0.356533,0.702694,1,0.99745384,-0.053,-0.053,0.948380012,0,same,0.3176,0.8675,0.99805,1,NA,NA,NA,NA,NA,NA,0,NA,NA,NA,NA,
rs144755950,12,42535403,12:42535403,GXYLT1,,t,c,0.9856,1,-0.3993,0.670789434,0,0.0626,1.82E-10,C,T,0.218526,1,different,undetermined,-0.180774,-0.718894646,0.472204,,9447,0.00987,-0.218526,0.303975,-0.0921956,-0.0921956,0.911926759,0,same,undetermined,0.191743,0.634544,1,0.988119,-0.0038,-0.0038,0.996207211,0,same,0.1622,0.9815,0.98965,1,NA,NA,NA,NA,NA,NA,0,NA,NA,NA,NA,
rs117073808,12,40922572,12:40922572,LRRK2,,t,c,0.9809,1,-0.3955,0.673343283,0,0.0426,1.59E-20,C,T,-0.0602771,0,same,undetermined,-0.3352229,0.349080348,0.727029,,9447,0.01858,0.0602771,0.172674,-0.202391,-0.202391,0.816775506,0,same,undetermined,0.118994,0.0975977,1,0.976625,-0.1566,-0.1566,0.855046009,0,same,0.098,0.1099,0.98125,1,C,T,0.0207767,0.171782886,0.130939,0.189535,0,-0.171782886,0,undetermined,undetermined,
rs356182,4,90626111,4:90626111,SNCA,SNCA,a,g,0.6278,1,-0.2774,0.757751336,0,0.0105,3.89E-154,G,A,0.212309,1,different,different,-0.065091,-3.789702727,0.000150834,SNCA,9447,0.34584,-0.212309,0.0560226,-0.143372,-0.143372,0.866431696,0,same,same,0.0362832,0.000084976,1,0.626233,-0.0383,-0.0383,0.96242417,0,same,0.0305,0.2089,0.656,1,G,A,0.332049,-0.042174993,0.03917,0.281608,0,0.042174993,1,undetermined,same,SNCA
rs62053943,17,43744203,17:43744203,CRHR1,WNT3,t,c,0.1552,0,-0.27,0.763379494,0,0.0155,3.58E-68,T,C,-0.0819883,0,same,undetermined,-0.1880117,-1.123201252,0.261352,,9447,0.16485,-0.0819883,0.0729952,-0.209242,-0.209242,0.811198902,0,same,same,0.0585766,0.000273929,0,0.132747,-0.1594,-0.1594,0.852655229,0,same,0.0457,0.0004849,0.15745,0,T,C,0.15201,-0.126892905,0.0522907,0.0152377,1,-0.126892905,0,same,same,CRHR1
rs356203,4,90666041,4:90666041,SNCA,,t,c,0.6149,1,-0.2504,0.778489325,0,0.0096,5.16E-149,C,T,0.154873,1,different,different,-0.095527,-2.979856965,0.00288378,SNCA,9447,0.36681,-0.154873,0.0519733,-0.137861,-0.137861,0.871219783,0,same,same,0.0352374,9.79E-05,1,0.599524,-0.0457,-0.0457,0.955328518,0,same,0.0292,0.1173,0.63255,1,C,T,0.360532,-0.017783188,0.0385399,0.644501,0,0.017783188,1,undetermined,same,SNCA
rs117615688,17,43798308,17:43798308,CRHR1,WNT3,a,g,0.067,0,-0.2324,0.792629008,0,0.0288,6.71E-16,A,G,-0.317498,0,same,same,0.085098,-2.665832627,0.00767984,WNT3,9447,0.07883,-0.317498,0.119099,-0.242715,-0.242715,0.784495063,0,same,same,0.0948351,0.00857304,0,0.059305,-0.2717,-0.2717,0.762082852,0,same,0.0742,0.0002495,0.07325,0,A,G,0.0735872,0.030529205,0.0711194,0.667682,1,0.030529205,1,undetermined,different,WNT3
rs75859381,6,133210361,6:133210361,RPS12,,t,c,0.9673,1,-0.2207,0.801957231,0,0.0341,1.04E-10,C,T,-0.253684,0,same,undetermined,0.032984,1.850411391,0.0642544,,9447,0.03074,0.253684,0.137096,-0.0983339,-0.0983339,0.906346224,0,same,undetermined,0.107592,0.366876,1,0.968276,-0.1575,-0.1575,0.854276814,0,same,0.0846,0.06269,0.97015,1,C,T,0.0294651,0.296758259,0.107227,0.00564778,0,-0.296758259,0,same,same,RPS12
rs34311866,4,951947,4:951947,TMEM175,TMEM175,t,c,0.8065,1,-0.2126,0.808479464,0,0.012,9.98E-70,C,T,-0.245671,0,same,same,0.033071,4.107935924,3.99E-05,TMEM175,9447,0.18439,0.245671,0.059804,-0.181177,-0.181177,0.834287677,0,same,same,0.0423111,2.45E-05,1,0.779015,-0.2027,-0.2027,0.816523162,0,same,0.0345,4.41E-09,0.8131,1,C,T,0.212375,0.217246196,0.0450222,1.40E-06,0,-0.217246196,0,same,same,TMEM175
rs199453,17,44800946,17:44800946,NSF,,t,c,0.231,0,-0.2045,0.815054742,0,0.0118,8.62E-67,T,C,-0.0840873,0,same,undetermined,-0.1204127,-1.462914475,0.143491,,9447,0.25252,-0.0840873,0.0574793,-0.0964113,-0.0964113,0.908090442,0,same,same,0.0419031,0.0204016,0,0.221445,-0.0921,-0.0921,0.912013944,0,same,0.0339,0.006508,0.2451,0,T,C,0.243805,-0.110521589,0.04401,0.012029,1,-0.110521589,0,same,same,NSF
rs17686238,17,43417273,17:43417273,MAP3K14,,t,g,0.1071,0,-0.1896,0.827289984,0,0.0177,8.25E-27,T,G,-0.137784,0,same,undetermined,-0.051816,-1.725803381,0.0843826,,9447,0.1155,-0.137784,0.0798376,NA,NA,NA,NA,NA,NA,NA,NA,1,NA,-0.0687,-0.0687,0.93360672,0,same,0.0479,0.1517,0.1123,0,T,G,0.108719,-0.03898826,0.0600743,0.516335,1,-0.03898826,0,undetermined,undetermined,
rs873786,4,925376,4:925376,GAK,GAK,t,c,0.0988,0,-0.1731,0.841053505,0,0.0182,1.79E-21,T,C,-0.0214349,0,same,undetermined,-0.1516651,-0.259669666,0.795119,,9447,0.10132,-0.0214349,0.0825468,-0.157038,-0.157038,0.854671581,0,same,same,0.0610915,0.00883755,0,0.0947173,-0.109,-0.109,0.896730417,0,same,0.0491,0.02637,0.104,0,T,C,0.103052,-0.22437556,0.062013,0.000296647,1,-0.22437556,0,same,same,GAK
rs73038319,3,18361759,3:18361759,SATB1,SATB1,a,c,0.9592,1,-0.1693,0.844255589,0,0.0235,5.94E-13,C,A,-0.14411,0,same,undetermined,-0.02519,1.121609526,0.262026,,9447,0.03299,0.14411,0.128485,-0.0073778,-0.0073778,0.992649349,0,same,undetermined,0.0889823,0.933986308,1,0.9600042,-0.0517,-0.0517,0.949613708,0,same,0.0732,0.4797,0.96375,1,C,A,0.0346782,0.04449524,0.100283,0.657269,0,-0.04449524,0,undetermined,undetermined,
rs112485576,6,32578772,6:32578772,HLA-DRB5,HLA-DRB5,a,c,0.163,0,-0.1676,0.845692044,0,0.0153,6.96E-28,A,C,-0.105233,0,same,undetermined,-0.062367,-1.319061353,0.187148,,9447,0.14216,-0.105233,0.0797787,NA,NA,NA,NA,NA,NA,NA,NA,1,NA,-0.0936,-0.0936,0.910646948,0,same,0.0419,0.02555,0.15155,0,NA,NA,NA,NA,NA,NA,0,NA,NA,NA,NA,
rs5019538,4,90636630,4:90636630,SNCA,SNCA,a,g,0.6792,1,-0.1565,1.169410762,0,0.0124,1.13E-36,G,A,0.288301,1,different,different,0.131801,-4.956171641,7.19E-07,SNCA,9447,0.30717,-0.288301,0.0581701,-0.0552819,-0.0552819,0.946218371,0,same,undetermined,0.0377767,0.144598,1,0.688489,0.0466,0.0466,1.047702844,1,different,0.0317,0.141,0.69645,1,NA,NA,NA,NA,NA,NA,0,NA,NA,NA,NA,
rs1867598,5,60137959,5:60137959,ELOVL7,ELOVL7,a,g,0.9019,1,-0.1554,0.85607268,0,0.0156,2.52E-23,G,A,-0.0719104,0,same,undetermined,-0.0834896,0.87247244,0.382951,,9447,0.08648,0.0719104,0.0824214,-0.163983,-0.163983,0.848756451,0,same,same,0.0571123,0.00481943,1,0.893851,-0.1341,-0.1341,0.87450261,0,same,0.0469,0.004277,0.91065,1,G,A,0.0988214,0.09650038,0.0622678,0.121213,0,-0.09650038,0,undetermined,undetermined,
rs76949143,7,66009851,7:66009851,GS1-124K5.11,LINC00174,a,t,0.0507,0,-0.1432,0.866580735,0,0.0253,1.43E-08,A,T,-0.129974,0,same,undetermined,-0.013226,-1.094951265,0.273538,,9447,0.04721,-0.129974,0.118703,-0.242855,-0.242855,0.784385241,0,same,same,0.090976,0.00576747,0,0.042034,-0.2011,-0.2011,0.817830644,0,same,0.0722,0.005356,0.04925,0,NA,NA,NA,NA,NA,NA,0,NA,NA,NA,NA,
rs2251086,15,61997385,15:61997385,VPS13C,,t,c,0.1417,0,-0.1186,0.888162995,0,0.0137,6.08E-18,T,C,-0.0835442,0,same,undetermined,-0.0350558,-1.175936874,0.23962,,9447,0.15176,-0.0835442,0.0710448,-0.0955993,-0.0955993,0.908828111,0,same,undetermined,0.0509719,0.0580504,0,0.133051,-0.0915,-0.0915,0.912561316,0,same,0.0414,0.02715,0.14935,0,T,C,0.146721,0.0935632,0.0519823,0.071884,1,0.0935632,1,undetermined,undetermined,
rs10221156,16,52969426,16:52969426,CHD9,CYLD,a,g,0.0932,0,-0.1156,0.890831485,0,0.0179,1.08E-10,A,G,0.0123703,1,different,undetermined,-0.1032297,0.153232989,0.878215,,9447,0.09568,0.0123703,0.0807287,-0.0834298,-0.0834298,0.919955665,0,same,undetermined,0.0599899,0.160026,0,0.091793,-0.0493,-0.0493,0.951895518,0,same,0.0482,0.3054,0.0966,0,A,G,0.0964793,0.086085949,0.0632747,0.173685,1,0.086085949,1,undetermined,undetermined,
rs12456492,18,40673380,18:40673380,RIT2,,a,g,0.6816,1,-0.0983,0.90637695,0,0.0099,3.80E-23,G,A,0.00902479,1,different,undetermined,-0.08927521,-0.175968826,0.860319,,9447,0.31472,-0.00902479,0.0512863,-0.14646,-0.14646,0.863760282,0,same,same,0.036582,6.97E-05,1,0.653031,-0.094,-0.094,0.910282762,0,same,0.0298,0.001593,0.68465,1,G,A,0.310261,-0.019021772,0.0401081,0.63532,0,0.019021772,1,undetermined,undetermined,
rs10756907,9,17727065,9:17727065,SH3GL2,SH3GL2,a,g,0.7666,1,-0.0926,0.911558051,0,0.011,5.06E-17,G,A,0.0213917,1,different,undetermined,-0.0712083,-0.372013391,0.709883,,9447,0.23339,-0.0213917,0.0575025,-0.0550019,-0.0550019,0.94648335,0,same,undetermined,0.0411424,0.183119761,1,0.762727,-0.0291,-0.0291,0.971319328,0,same,0.0335,0.3839,0.76935,1,G,A,0.234814,0.048418667,0.0435765,0.266474,0,-0.048418667,0,undetermined,undetermined,
rs11950533,5,134199105,5:134199105,C5orf24,TXNDC15,a,c,0.102,0,-0.0916,0.912470065,0,0.0158,7.16E-09,A,C,-0.0392987,0,same,undetermined,-0.0523013,-0.470052593,0.638317,,9447,0.09684,-0.0392987,0.0836049,-0.140908,-0.140908,0.868569216,0,same,same,0.0606172,0.018052732,0,0.092215,-0.1059,-0.1059,0.899514595,0,same,0.0491,0.03094,0.10035,0,A,C,0.106377,0.04873302,0.0593476,0.41157,1,0.04873302,1,undetermined,undetermined,
rs6854006,4,77198054,4:77198054,FAM47E-STBD1,FAM47E,t,c,0.3632,0,-0.0912,0.912835126,0,0.0097,5.82E-21,T,C,-0.0720971,0,same,undetermined,-0.0191029,-1.468674819,0.141921,,9447,0.37712,-0.0720971,0.0490899,-0.0637743,-0.0637743,0.938216731,0,same,undetermined,0.0359176,0.0749938,0,0.353761,-0.0667,-0.0667,0.935475802,0,same,0.029,0.02144,0.37445,0,T,C,0.365292,-0.044316635,0.0387739,0.253063,1,-0.044316635,0,undetermined,undetermined,
rs4101061,4,77147969,4:77147969,FAM47E,FAM47E,a,g,0.7107,1,-0.0912,0.912835126,0,0.0102,4.97E-19,G,A,-0.0863716,0,same,undetermined,-0.0048284,1.648709422,0.099207,,9447,0.2648,0.0863716,0.0523874,-0.155422,-0.155422,0.856053847,0,same,same,0.0373211,3.63E-05,1,0.681514,-0.1322,-0.1322,0.876165744,0,same,0.0304,0.00001371,0.72425,1,G,A,0.294953,-0.007209929,0.0407929,0.859712,0,0.007209929,1,undetermined,undetermined,
rs13294100,9,17579690,9:17579690,SH3GL2,SH3GL2,t,g,0.3422,0,-0.0859,0.917685995,0,0.01,8.72E-18,T,G,-0.0175903,0,same,undetermined,-0.0683097,-0.317208111,0.751085,,9447,0.36354,-0.0175903,0.0554535,-0.0472413,-0.0472413,0.953857204,0,same,undetermined,0.0367944,0.198157064,0,0.337847,-0.0382,-0.0382,0.962520418,0,same,0.0307,0.2131,0.35675,0,T,G,0.346706,-0.076291585,0.038827,0.0494236,1,-0.076291585,0,same,same,SH3GL2
rs620513,8,16697593,8:16697593,FGF20,,t,g,0.2682,0,-0.0856,0.917961342,0,0.0108,2.72E-15,T,G,0.0307929,1,different,undetermined,-0.0548071,0.552508482,0.5806,,9447,0.26511,0.0307929,0.0557329,-0.0965632,-0.0965632,0.907952513,0,same,same,0.0402356,0.0156637,0,0.253002,-0.0529,-0.0529,0.948474855,0,same,0.0326,0.1047,0.26955,0,T,G,0.269719,-0.023600309,0.0413683,0.568345,1,-0.023600309,0,undetermined,undetermined,
rs11158026,14,55348869,14:55348869,GCH1,GCH1,t,c,0.3245,0,-0.0842,0.919247388,0,0.0102,1.66E-16,T,C,-0.116075,0,same,same,0.031875,-2.141905507,0.0322011,GCH1,9447,0.3099,-0.116075,0.0541924,-0.0433557,-0.0433557,0.957570722,0,same,undetermined,0.0370799,0.241235878,0,0.32143,-0.0665,-0.0665,0.935662916,0,same,0.0306,0.02967,0.3212,0,T,C,0.330689,-0.045674373,0.0394325,0.246745,1,-0.045674373,0,undetermined,same,GCH1
rs34025766,4,17968811,4:17968811,LCORL,DCAF16,a,t,0.1589,0,-0.0839,0.919523204,0,0.0133,2.87E-10,A,T,0.113123,1,different,undetermined,0.029223,1.754462423,0.07935,,9447,0.16393,0.113123,0.0644773,-0.154794,-0.154794,0.856591617,0,same,same,0.0485554,0.001199782,0,0.150583,-0.0578,-0.0578,0.943838696,0,same,0.0388,0.1359,0.16685,0,NA,NA,NA,NA,NA,NA,0,NA,NA,NA,NA,
rs10748818,10,104015279,10:104015279,GBF1,CUEDC2,a,g,0.8514,1,-0.079,0.924039924,0,0.013,1.05E-09,G,A,0.0831834,1,different,undetermined,0.0041834,-1.18409691,0.236374,,9447,0.13723,-0.0831834,0.0702505,0.0115515,0.0115515,1.011618476,1,different,undetermined,0.0491742,0.814058,1,0.854661,0.0351,0.0351,1.035723276,1,different,0.0403,0.3835,0.8582,1,G,A,0.150952,0.047370109,0.0517608,0.360085,0,-0.047370109,0,undetermined,undetermined,
rs4954162,2,135438789,2:135438789,TMEM163,,a,g,0.1642,0,-0.0746,0.928114658,0,0.0132,1.50E-08,A,G,-0.0732606,0,same,undetermined,-0.0013394,-0.783354024,0.433419,,9447,0.14968,-0.0732606,0.0935217,-0.0620741,-0.0620741,0.939813244,0,same,undetermined,0.053065,0.2393434,0,0.148195,-0.0648,-0.0648,0.937254896,0,same,0.0462,0.1603,0.1507,0,NA,NA,NA,NA,NA,NA,0,NA,NA,NA,NA,
rs850738,17,42434630,17:42434630,FAM171A2,GRN,a,g,0.6056,1,-0.071,0.931461892,0,0.0105,1.29E-11,G,A,-0.00668766,0,same,undetermined,-0.06431234,0.129446514,0.897004,,9447,0.38091,0.00668766,0.0516635,-0.106696,-0.106696,0.898798866,0,same,same,0.0356237,0.00280704,1,0.570365,-0.0745,-0.0745,0.928207474,0,same,0.0293,0.01111,0.6084,1,G,A,0.401783,0.027031339,0.0379438,0.476232,0,-0.027031339,0,undetermined,undetermined,
rs11578699,1,171719769,1:171719769,VAMP4,VAMP4,t,c,0.1949,0,-0.0704,0.932020937,0,0.012,4.47E-09,T,C,0.0666568,1,different,undetermined,-0.0037432,1.155651104,0.247824,,9447,0.20471,0.0666568,0.057679,0.0260402,0.0260402,1.026382208,1,different,undetermined,0.0432311,0.54788,0,0.199253,0.0406,0.0406,1.041435448,1,different,0.0346,0.24,0.19985,0,NA,NA,NA,NA,NA,NA,0,NA,NA,NA,NA,
rs55818311,19,2341047,19:2341047,SPPL2B,,t,c,0.6937,1,-0.0696,0.932766852,0,0.0111,4.18E-10,C,T,-0.0880506,0,same,undetermined,0.0184506,1.618003172,0.105662,,9447,0.32619,0.0880506,0.0544193,-0.0100726,-0.0100726,0.989977959,0,same,undetermined,0.0401143,0.80184,1,0.682283,-0.0375,-0.0375,0.963194418,0,same,0.0323,0.2452,0.67795,1,C,T,0.320792,-0.018776174,0.0395156,0.634681,0,0.018776174,1,undetermined,undetermined,
rs2042477,2,96000943,2:96000943,KCNIP3,KCNIP3,a,t,0.2422,0,-0.0657,0.936411746,0,0.0116,1.38E-08,A,T,-0.0438017,0,same,undetermined,-0.0218983,-0.768712509,0.442064,,9447,0.24756,-0.0438017,0.0569806,-0.108534,-0.108534,0.897148391,0,same,same,0.042401,0.00982172,0,0.224522,-0.0855,-0.0855,0.918053143,0,same,0.034,0.01199,0.247,0,NA,NA,NA,NA,NA,NA,0,NA,NA,NA,NA,
rs2904880,16,28944396,16:28944396,CD19,NFATC2IP,c,g,0.3094,0,-0.065,0.937067463,0,0.0106,7.87E-10,C,G,-0.0573755,0,same,undetermined,-0.0076245,-1.061766023,0.288341,,9447,0.32488,-0.0573755,0.0540378,-0.0799394,-0.0799394,0.923172289,0,same,same,0.0393279,0.0411446,0,0.296766,-0.0721,-0.0721,0.930437847,0,same,0.0318,0.02331,0.3186,0,C,G,0.308024,-0.059666144,0.0400718,0.136491,1,-0.059666144,0,undetermined,undetermined,
rs12283611,11,83487277,11:83487277,DLG2,,a,c,0.4148,0,-0.0645,0.937536114,0,0.0102,2.61E-10,A,C,0.0816523,1,different,undetermined,0.0171523,1.622577132,0.10468,,9447,0.415,0.0816523,0.0503226,-0.0505505,-0.0505505,0.950705917,0,same,undetermined,0.0357293,0.156567,0,0.407549,-0.0062,-0.0062,0.99381918,0,same,0.0291,0.8303,0.4172,0,A,C,0.424222,0.020263305,0.0377959,0.591852,1,0.020263305,1,undetermined,undetermined,
rs62333164,4,170583157,4:170583157,CLCN3,NEK1,a,g,0.3264,0,-0.0638,0.938192619,0,0.01,2.00E-10,A,G,0.0486931,1,different,undetermined,-0.0151069,0.954738586,0.339711,,9447,0.33131,0.0486931,0.0510015,-0.0115736,-0.0115736,0.988493116,0,same,undetermined,0.0368733,0.753478234,0,0.331674,0.0091,0.0091,1.009141531,1,different,0.0299,0.7604,0.33195,0,A,G,0.320641,-0.054181672,0.0395759,0.170982,1,-0.054181672,0,undetermined,undetermined,
rs9261484,6,30108683,6:30108683,TRIM40,TRIM40,t,c,0.2451,0,-0.0635,0.938474119,0,0.0112,1.62E-08,T,C,0.0465705,1,different,undetermined,-0.0169295,0.847656456,0.396629,,9447,0.24689,0.0465705,0.0549403,-0.114582,-0.114582,0.891738813,0,same,same,0.0406822,0.00447998,0,0.233727,-0.0575,-0.0575,0.94412189,0,same,0.0327,0.07856,0.2498,0,NA,NA,NA,NA,NA,NA,0,NA,NA,NA,NA,
rs11707416,3,151108965,3:151108965,MED12L,,a,t,0.3672,0,-0.0627,0.939225199,0,0.0097,1.13E-10,A,T,-0.0147913,0,same,undetermined,-0.0479087,-0.301163214,0.763291,,9447,0.37537,-0.0147913,0.0491139,-0.0449425,-0.0449425,0.956052453,0,same,undetermined,0.0358931,0.209686531,0,0.360893,-0.0344,-0.0344,0.966184953,0,same,0.029,0.2346,0.37415,0,A,T,0.372318,-0.035939143,0.0379881,0.344114,1,-0.035939143,0,undetermined,undetermined,
rs11658976,17,44866805,17:44866805,WNT3,WNT3,a,g,0.5802,1,-0.0624,0.939507009,0,0.0113,3.52E-08,G,A,-0.028286,0,same,undetermined,-0.034114,0.5353253,0.592425,,9447,0.4077,0.028286,0.0528389,-0.0183973,-0.0183973,0.981770897,0,same,undetermined,0.0375817,0.624643,1,0.597486,-0.0217,-0.0217,0.978533751,0,same,0.0306,0.4782,0.5962,1,G,A,0.392943,0.064691634,0.0380709,0.0892569,0,-0.064691634,0,undetermined,undetermined,
rs1450522,3,161077630,3:161077630,SPTSSB,NMD3,a,g,0.6742,1,-0.0616,0.940258915,0,0.0099,5.01E-10,G,A,0.0907501,1,different,undetermined,0.0291501,-1.781887404,0.0747672,,9447,0.31727,-0.0907501,0.0509292,-0.053862,-0.053862,0.947562861,0,same,undetermined,0.0367952,0.144301574,1,0.666279,-0.0043,-0.0043,0.995709232,0,same,0.0298,0.8863,0.6808,1,G,A,0.318979,0.089182352,0.0397355,0.0248091,0,-0.089182352,0,same,different,SPTSSB
rs6476434,9,34046391,9:34046391,UBAP2,PRSS3,t,c,0.7336,1,-0.0615,0.940352946,0,0.0106,6.58E-09,C,T,-0.0616408,0,same,undetermined,0.0001408,1.128361335,0.259167,,9447,0.27283,0.0616408,0.0546286,-0.057572,-0.057572,0.944053916,0,same,undetermined,0.0390769,0.142179423,1,0.723722,-0.0589,-0.0589,0.942801045,0,same,0.0318,0.06363,0.73005,1,C,T,0.276594,0.017947967,0.0410816,0.662271,0,-0.017947967,0,undetermined,undetermined,
rs2086641,8,130901909,8:130901909,FAM49B,,t,c,0.7225,1,-0.0605,0.941293769,0,0.0107,1.81E-08,C,T,-0.0834116,0,same,undetermined,0.0229116,1.562945724,0.118065,,9447,0.27607,0.0834116,0.0533682,-0.0189504,-0.0189504,0.98122803,0,same,undetermined,0.0388619,0.626232,1,0.721963,-0.0413,-0.0413,0.959541224,0,same,0.0314,0.1888,0.72475,1,NA,NA,NA,NA,NA,NA,0,NA,NA,NA,NA,
rs8087969,18,48683589,18:48683589,MEX3C,MEX3C,t,g,0.5496,1,-0.0578,0.943838696,0,0.0102,1.41E-08,G,T,-0.0471174,0,same,undetermined,-0.0106826,0.98576091,0.324251,,9447,0.43933,0.0471174,0.047798,-0.0392493,-0.0392493,0.961510975,0,same,undetermined,0.0350202,0.262598,1,0.536623,-0.042,-0.042,0.958869781,0,same,0.0282,0.1371,0.55535,1,G,T,0.437972,0.017564831,0.037137,0.636238,0,-0.017564831,0,undetermined,undetermined,
rs12600861,17,7355621,17:7355621,CHRNB1,CHRNB1,a,c,0.6484,1,-0.0565,0.945066484,0,0.0099,1.01E-08,C,A,-0.0210876,0,same,undetermined,-0.0354124,0.414696356,0.678364,,9447,0.34004,0.0210876,0.0508507,-0.0719956,-0.0719956,0.93053499,0,same,same,0.0358223,0.0450567,1,0.629631,-0.0551,-0.0551,0.946390504,0,same,0.0293,0.05985,0.65305,1,C,A,0.352372,0.00874168,0.0387244,0.821311,0,-0.00874168,0,undetermined,undetermined,
rs7134559,12,46419086,12:46419086,SCAF11,,t,c,0.404,0,-0.0539,0.947526854,0,0.0098,3.96E-08,T,C,0.0420235,1,different,undetermined,-0.0118765,0.855616116,0.392211,,9447,0.39459,0.0420235,0.0491149,0.0229493,0.0229493,1.023214661,1,different,undetermined,0.0360514,0.524672,0,0.401422,0.0296,0.0296,1.030042435,1,different,0.0291,0.308,0.3956,0,T,C,0.417573,-0.032603773,0.0378264,0.388719,1,-0.032603773,0,undetermined,undetermined,
rs12147950,14,37989270,14:37989270,MIPOL1,,t,c,0.4376,0,-0.0529,0.948474855,0,0.0096,3.54E-08,T,C,-0.0436346,0,same,undetermined,-0.0092654,-0.883252163,0.3771,,9447,0.45068,-0.0436346,0.0494022,-0.034065,-0.034065,0.96650868,0,same,undetermined,0.0348712,0.328297,0,0.432818,-0.0372,-0.0372,0.963483419,0,same,0.0285,0.1911,0.44555,0,T,C,0.438501,0.001838309,0.0374374,0.960936,1,0.001838309,1,undetermined,undetermined,
rs1941685,18,31304318,18:31304318,ASXL3,,t,g,0.4983,0,0.0531,1.054535093,1,0.0094,1.69E-08,T,G,-0.023179,0,different,undetermined,-0.029921,-0.482498777,0.629451,,9447,0.49357,-0.023179,0.0480395,0.0445019,-0.0445019,1.045506963,1,same,undetermined,0.0346414,0.198846,1,0.514126,0.0213,0.0213,1.021528464,1,same,0.0281,0.4474,0.4959,0,T,G,0.496902,0.033309043,0.0368733,0.366304,1,0.033309043,1,undetermined,undetermined,
rs2280104,8,22525980,8:22525980,BIN3,BIN3,t,c,0.3604,0,0.0556,1.057174729,1,0.0098,1.16E-08,T,C,0.0211805,1,same,undetermined,-0.0344195,0.417046522,0.676645,,9447,0.36947,0.0211805,0.0507869,0.0926392,0.0926392,1.097065842,1,same,same,0.035969,0.0102804,0,0.369169,0.0688,0.0688,1.071221943,1,same,0.0294,0.01914,0.35995,0,T,C,0.353581,0.02718706,0.0390392,0.486128,1,0.02718706,1,undetermined,undetermined,
rs6500328,16,50736656,16:50736656,NOD2,NOD2,a,g,0.5985,1,0.0586,1.060351015,1,0.0097,1.82E-09,G,A,-0.0332626,0,different,undetermined,-0.0253374,0.680207032,0.496372,,9447,0.39414,0.0332626,0.0489007,0.0266211,0.0266211,1.026978607,1,same,undetermined,0.0353734,0.451378,1,0.592059,0.0061,0.0061,1.006118643,1,same,0.0287,0.8328,0.59665,1,G,A,0.413796,-0.001522158,0.0377448,0.967838,0,0.001522158,1,undetermined,undetermined,
rs11610045,12,133063768,12:133063768,FBRSL1,FBRSL1,a,g,0.4896,0,0.0601,1.061942736,1,0.0094,1.77E-10,A,G,-0.0255886,0,different,undetermined,-0.0345114,-0.52395822,0.600308,,9447,0.46166,-0.0255886,0.0488371,0.0733268,-0.0733268,1.076082143,1,same,undetermined,0.0347302,0.0347167,1,0.508796,0.0401,0.0401,1.04091486,1,same,0.0283,0.1565,0.47515,0,A,G,0.478846,0.02905382,0.0374149,0.437436,1,0.02905382,1,undetermined,undetermined,
rs979812,14,88464264,14:88464264,GALC,GALC,t,g,0.4421,0,0.061,1.062898914,1,0.0093,6.19E-11,T,G,-0.0304787,0,different,undetermined,-0.0305213,-0.634243537,0.525922,,9447,0.43748,-0.0304787,0.0480552,0.0911993,0.0911993,1.095487314,1,same,same,0.0348262,0.0089142,0,0.453821,0.0493,0.0493,1.050535464,1,same,0.0282,0.08042,0.4358,0,T,G,0.441825,0.043480857,0.0370843,0.240981,1,0.043480857,1,undetermined,undetermined,
rs9568188,13,49927732,13:49927732,CAB39L,CAB39L,t,c,0.7397,1,0.0617,1.063643204,1,0.0108,1.15E-08,C,T,-0.0875553,0,different,undetermined,0.0258553,1.615980908,0.106098,,9447,0.25123,0.0875553,0.0541809,0.00385521,0.00385521,1.003862651,1,same,undetermined,0.0392634,0.921762,1,0.736446,-0.0276,-0.0276,0.9727774,0,different,0.0318,0.385,0.74315,1,NA,NA,NA,NA,NA,NA,0,NA,NA,NA,NA,
rs26431,5,102365794,5:102365794,PAM,PAM,c,g,0.7025,1,0.0621,1.064068746,1,0.0103,1.57E-09,G,C,0.0397607,1,same,undetermined,-0.0223393,-0.748657956,0.454063,,9447,0.32017,-0.0397607,0.0531093,0.0361946,0.0361946,1.036857599,1,same,undetermined,0.0380729,0.340736217,1,0.70259,0.0374,0.0374,1.038108181,1,same,0.0309,0.2267,0.68775,1,G,C,0.300015,0.042091588,0.0406947,0.300989,0,-0.042091588,0,undetermined,undetermined,
rs6825004,4,77110365,4:77110365,SCARB2,SCARB2,c,g,0.6912,1,0.0622,1.064175158,1,0.0102,1.17E-09,G,C,-0.101852,0,different,different,0.039652,2.003261013,0.0451487,SCARB2,9447,0.30556,0.101852,0.0508431,0.0334305,0.0334305,1.033995579,1,same,undetermined,0.0377541,0.375004,1,0.69088,-0.0147,-0.0147,0.985407518,0,different,0.0303,0.6288,0.68995,1,G,C,0.309535,-0.149781572,0.0406853,0.000231887,0,0.149781572,1,same,different,SCARB2
rs2295545,20,3164686,20:3164686,DDRGK1,,t,c,0.6105,1,0.0622,1.064175158,1,0.0096,8.45E-11,C,T,0.0231518,1,same,undetermined,-0.0390482,-0.456928691,0.647722,,9447,0.38535,-0.0231518,0.0506683,0.0445611,0.0445611,1.045568859,1,same,undetermined,0.0368617,0.225976462,1,0.625402,0.0372,0.0372,1.03790058,1,same,0.0298,0.2126,0.61345,1,C,T,0.400499,-0.011599009,0.037901,0.759583,0,0.011599009,1,undetermined,undetermined,
rs6497339,16,19277493,16:19277493,SYT17,SYT17,a,t,0.4536,0,0.063,1.065026839,1,0.0095,2.76E-11,A,T,0.0982925,1,same,undetermined,0.0352925,1.529480139,0.126145,,9447,0.45807,0.0982925,0.0642653,0.102267,0.102267,1.107679183,1,same,same,0.0350391,0.003540482,0,0.479012,0.1014,0.1014,1.106719241,1,same,0.0308,0.0009853,0.45345,0,NA,NA,NA,NA,NA,NA,0,NA,NA,NA,NA,
rs2269906,17,42294337,17:42294337,UBTF,UBTF,a,c,0.6531,1,0.0631,1.065133347,1,0.0102,6.24E-10,C,A,-0.0375081,0,different,undetermined,-0.0255919,0.745219703,0.456139,,9447,0.33832,0.0375081,0.0503316,0.10488,0.10488,1.110577333,1,same,same,0.0369932,0.00436922,1,0.672015,0.0549,0.0549,1.056434966,1,same,0.0298,0.06531,0.65615,1,C,A,0.347839,0.029762665,0.0389519,0.444824,0,-0.029762665,0,undetermined,undetermined,
rs12497850,3,48748989,3:48748989,IP6K2,IP6K2,t,g,0.6476,1,0.0636,1.065666047,1,0.0099,1.36E-10,G,T,0.00184137,1,same,undetermined,-0.06175863,-0.037014248,0.970474,,9447,0.3682,-0.00184137,0.0497476,0.0656118,0.0656118,1.067812112,1,same,undetermined,0.0368022,0.073726,1,0.662008,0.0431,0.0431,1.044042294,1,same,0.0296,0.1456,0.6383,1,G,T,0.358719,0.005683816,0.038592,0.882982,0,-0.005683816,0,undetermined,undetermined,
rs12951632,17,40741013,17:40741013,RETREG3,RETREG3,t,c,0.7349,1,0.0642,1.066305639,1,0.0106,1.40E-09,C,T,0.0579841,1,same,undetermined,-0.0062159,-1.075666029,0.282076,,9447,0.27687,-0.0579841,0.0539053,0.147898,0.147898,1.159394632,1,same,same,0.0406635,0.000234834,1,0.760033,0.1153,0.1153,1.12221005,1,same,0.0325,0.0003832,0.7275,1,C,T,0.261333,0.044810829,0.0416914,0.282451,0,-0.044810829,0,undetermined,undetermined,
rs6658353,1,161469054,1:161469054,FCGR2A,FCGR2A,c,g,0.5011,1,0.065,1.067159024,1,0.0094,6.10E-12,C,G,-0.14676,0,different,different,0.08176,-2.995377126,0.00274115,,9447,0.48433,-0.14676,0.0489955,0.0358902,0.0358902,1.036542028,1,same,undetermined,0.0350352,0.305572,1,0.51561,-0.0259,0.0259,0.974432528,0,different,0.0285,0.3633,0.49425,0,C,G,0.496978,-0.004124494,0.0372246,0.91178,1,-0.004124494,0,undetermined,same,FCGR2A
rs12528068,6,72487762,6:72487762,RIMS1,,t,c,0.2844,0,0.0657,1.067906297,1,0.0103,1.63E-10,T,C,-0.0156732,0,different,undetermined,-0.0500268,-0.294373303,0.768473,,9447,0.27282,-0.0156732,0.0532426,0.0229589,0.0229589,1.023224484,1,same,undetermined,0.038256,0.548989752,0,0.287189,0.0098,0.0098,1.009848177,1,same,0.0311,0.7523,0.27695,0,T,C,0.276216,-0.015155263,0.0420867,0.71878,1,-0.015155263,0,undetermined,undetermined,
rs6808178,3,28705690,3:28705690,LINC00693,,t,c,0.3794,0,0.0658,1.068013093,1,0.0096,8.09E-12,T,C,0.011931,1,same,undetermined,-0.053869,0.237339317,0.812394,,9447,0.37352,0.011931,0.0502698,-0.00773648,-0.00773648,0.99229337,0,different,undetermined,0.0357489,0.828616,0,0.370249,-0.0011,-0.0011,0.998900605,0,different,0.0291,0.969,0.3715,0,T,C,0.360305,0.051082772,0.039034,0.190608,1,0.051082772,1,undetermined,undetermined,
rs3104783,16,52636242,16:52636242,CASC16,CYLD,a,c,0.4343,0,0.0668,1.06908164,1,0.0094,1.29E-12,A,C,-0.133722,0,different,different,0.066922,-2.681470816,0.00732974,CYLD,9447,0.41382,-0.133722,0.0498689,-0.0277054,-0.0277054,0.972674875,0,different,undetermined,0.0352079,0.431051,0,0.424363,-0.063,-0.063,0.938943474,0,different,0.0288,0.02857,0.42095,0,A,C,0.430341,0.001878235,0.0375513,0.960134,1,0.001878235,1,undetermined,different,CYLD
rs4771268,13,97865021,13:97865021,MBNL2,,t,c,0.2295,0,0.0675,1.06983026,1,0.0112,1.45E-09,T,C,0.0415868,1,same,undetermined,-0.0259132,0.726527546,0.467515,,9447,0.24009,0.0415868,0.0572405,0.101763,0.101763,1.107121053,1,same,same,0.0406507,0.012984636,0,0.243866,0.0816,0.0816,1.085021714,1,same,0.0331,0.01383,0.232,0,T,C,0.228015,0.035926833,0.0441229,0.415538,1,0.035926833,1,undetermined,undetermined,
rs11683001,2,102396963,2:102396963,MAP4K4,MAP4K4,a,t,0.337,0,0.0705,1.073044569,1,0.0098,8.04E-13,A,T,-0.0185461,0,different,undetermined,-0.0519539,-0.364411425,0.71555,,9447,0.32215,-0.0185461,0.0508933,0.0936724,0.0936724,1.098199917,1,same,same,0.0362232,0.0100068,0,0.356442,0.0559,0.0559,1.057491929,1,same,0.0295,0.05802,0.32705,0,A,T,0.325854,0.028616611,0.0398314,0.472525,1,0.028616611,1,undetermined,undetermined,
rs3742785,14,75373034,14:75373034,RPS6KL1,RPS6KL1,a,c,0.7866,1,0.0707,1.0732592,1,0.0118,1.92E-09,C,A,-0.0761183,0,different,undetermined,0.0054183,1.317572994,0.187647,,9447,0.21141,0.0761183,0.0577716,0.069766,0.069766,1.072257244,1,same,undetermined,0.0428851,0.101662,1,0.795889,0.0179,0.0179,1.018061165,1,same,0.0344,0.6024,0.78705,1,NA,NA,NA,NA,NA,NA,0,NA,NA,NA,NA,
rs2248244,21,38852361,21:38852361,DYRK1A,DYRK1A,a,g,0.2828,0,0.0714,1.074010744,1,0.0107,2.74E-11,A,G,0.0904691,1,same,undetermined,0.0190691,1.698583405,0.0893979,,9447,0.26379,0.0904691,0.0532615,-0.0706564,-0.0706564,0.931781997,0,different,undetermined,0.039633,0.073161259,0,0.259452,-0.0132,-0.0132,0.986886738,0,different,0.0318,0.6772,0.26825,0,A,G,0.268963,0.069423445,0.0416622,0.0956519,1,0.069423445,1,undetermined,undetermined,
rs997368,6,112243291,6:112243291,FYN,,a,g,0.8049,1,0.0714,1.074010744,1,0.0119,1.84E-09,G,A,-0.123978,0,different,different,0.052578,2.153420203,0.0312851,FYN,9447,0.19976,0.123978,0.0575726,0.116656,0.116656,1.123732799,1,same,same,0.0449821,0.008735797,1,0.818566,0.0254,0.0254,1.025725329,1,same,0.0354,0.4729,0.8019,1,NA,NA,NA,NA,NA,NA,0,NA,NA,NA,NA,FYN
rs896435,10,15557406,10:15557406,ITGA8,ITGA8,t,c,0.6892,1,0.0735,1.076268537,1,0.0101,3.41E-13,C,T,0.0327194,1,same,undetermined,-0.0407806,-0.620722495,0.534782,,9447,0.32636,-0.0327194,0.0527118,0.0267183,0.0267183,1.027078434,1,same,undetermined,0.0371403,0.47123409,1,0.687709,0.0287,0.0287,1.029115813,1,same,0.0304,0.3444,0.67865,1,C,T,0.303868,-0.042627791,0.0400959,0.287718,0,0.042627791,1,undetermined,undetermined,
rs666463,17,76425480,17:76425480,DNAH17,DNAH17,a,t,0.8328,1,0.076,1.078962574,1,0.0128,3.20E-09,T,A,0.0551415,1,same,undetermined,-0.0208585,-0.852488289,0.393943,,9447,0.16793,-0.0551415,0.064683,0.0777556,0.0777556,1.080858465,1,same,undetermined,0.0476081,0.0997436,1,0.841632,0.0698,0.0698,1.072293701,1,same,0.0383,0.06865,0.83155,1,T,A,0.176111,0.049884803,0.0488811,0.307439,0,-0.049884803,0,undetermined,undetermined,
rs72840788,10,121415685,10:121415685,BAG3,BAG3,a,g,0.2155,0,0.0763,1.079286311,1,0.0113,1.57E-11,A,G,0.0873351,1,same,undetermined,0.0110351,1.495579283,0.134764,,9447,0.20809,0.0873351,0.0583955,0.114266,0.114266,1.121050285,1,same,same,0.041336,0.00615891,0,0.229768,0.1053,0.1053,1.111043874,1,same,0.0337,0.001806,0.2101,0,A,G,0.218722,0.066433599,0.0447703,0.137826,1,0.066433599,1,undetermined,undetermined,
rs9912362,17,43784228,17:43784228,CRHR1,,t,c,0.3594,0,0.077,1.080042076,1,0.0104,1.62E-13,T,C,0.00506782,1,same,undetermined,-0.07193218,0.091599579,0.927016,,9447,0.3377,0.00506782,0.0553258,0.0440176,0.0440176,1.045000747,1,same,undetermined,0.036204,0.224887,0,0.363609,0.0323,0.0323,1.032827307,1,same,0.0303,0.2857,0.34435,0,T,C,0.357963,0.047360571,0.0389187,0.223595,1,0.047360571,1,undetermined,undetermined,
rs9267659,6,31846234,6:31846234,SLC44A4,,a,g,0.2004,0,0.079,1.082204322,1,0.0119,3.65E-11,A,G,-0.0279208,0,different,undetermined,-0.0510792,-0.441721907,0.65869,,9447,0.18644,-0.0279208,0.063209,0.0472381,0.0472381,1.048371597,1,same,undetermined,0.0427254,0.270792,0,0.209645,0.0237,0.0237,1.023983077,1,same,0.0354,0.5037,0.1936,0,NA,NA,NA,NA,NA,NA,0,NA,NA,NA,NA,
rs77351827,20,6006041,20:6006041,CRLS1,,t,c,0.1275,0,0.0802,1.083503747,1,0.0139,8.87E-09,T,C,-0.0999648,0,different,undetermined,0.0197648,-1.326438731,0.184694,,9447,0.11959,-0.0999648,0.0753633,0.0983693,0.0983693,1.103370184,1,same,undetermined,0.0506703,0.0546904,0,0.137399,0.0366,0.0366,1.037278027,1,same,0.042,0.3838,0.12135,0,T,C,0.126398,-0.004464953,0.0570217,0.937589,1,-0.004464953,0,undetermined,undetermined,
rs57891859,2,135464616,2:135464616,TMEM163,TMEM163,a,g,0.7185,1,0.0807,1.084045634,1,0.0107,4.55E-14,G,A,-0.115559,0,different,undetermined,0.034859,1.836062188,0.0663476,,9447,0.28276,0.115559,0.0629385,0.0492561,0.0492561,1.050489347,1,same,undetermined,0.0399361,0.215960378,1,0.725534,0.0019,0.0019,1.001901806,1,same,0.0337,0.954,0.7145,1,G,A,0.288909,-0.044351131,0.0414304,0.284395,0,0.044351131,1,undetermined,undetermined,
rs61169879,17,59917366,17:59917366,BRIP1,MED13,t,c,0.1641,0,0.082,1.08545581,1,0.0134,9.28E-10,T,C,0.140401,1,same,same,0.058401,2.158547572,0.0308858,BRIP1,9447,0.15068,0.140401,0.0650442,0.121589,0.121589,1.129289868,1,same,same,0.0458552,0.008767099,0,0.174823,0.1278,0.1278,1.136325715,1,same,0.0375,0.0006474,0.1544,0,T,C,0.157827,-0.014340333,0.0508007,0.777717,1,-0.014340333,0,undetermined,different,BRIP1
rs4653767,1,226916078,1:226916078,ITPKB,ITPKB,t,c,0.7196,1,0.0833,1.08686782,1,0.0104,1.38E-15,C,T,-0.0786944,0,different,undetermined,-0.0046056,1.507024344,0.131804,,9447,0.29167,0.0786944,0.0522184,0.0229859,0.0229859,1.023252112,1,same,undetermined,0.0388094,0.553061,1,0.725248,-0.0132,-0.0132,0.986886738,0,different,0.0311,0.6719,0.71245,1,C,T,0.28906,0.001828328,0.0411138,0.964622,0,-0.001828328,0,undetermined,undetermined,
rs4140646,6,27738801,6:27738801,LOC100131289,TXNDC15,a,g,0.2081,0,0.0833,1.08686782,1,0.0121,5.62E-12,A,G,-0.133847,0,different,different,0.050547,-2.26902395,0.0232667,,9447,0.22484,-0.133847,0.0589888,0.0766732,0.0766732,1.079689176,1,same,undetermined,0.0416931,0.067574083,0,0.225005,0.0065,0.0065,1.006521171,1,same,0.034,0.8477,0.2194,0,NA,NA,NA,NA,NA,NA,0,NA,NA,NA,NA,TXNDC15
rs55961674,3,122196892,3:122196892,KPNA1,KPNA1,t,c,0.1722,0,0.0861,1.089915314,1,0.0126,9.98E-12,T,C,0.0852982,1,same,undetermined,-0.0008018,1.385880938,0.165783,,9447,0.17312,0.0852982,0.061548,0.0605818,0.0605818,1.062454503,1,same,undetermined,0.0467214,0.197280889,0,0.173894,0.0696,0.0696,1.072079264,1,same,0.0372,0.06138,0.169,0,T,C,0.172862,0.095891829,0.0499599,0.0549305,1,0.095891829,1,undetermined,undetermined,
rs7938782,11,10558777,11:10558777,RNF141,RNF141,a,g,0.8776,1,0.087,1.09089668,1,0.0145,2.12E-09,G,A,0.0583792,1,same,undetermined,-0.0286208,-0.833709874,0.404444,,9447,0.13174,-0.0583792,0.0700234,0.119597,0.119597,1.127042562,1,same,same,0.054976,0.0273738,1,0.889443,0.0963,0.0963,1.101089341,1,same,0.0432,0.02602,0.87235,1,NA,NA,NA,NA,NA,NA,0,NA,NA,NA,NA,
rs13117519,4,114369065,4:114369065,CAMK2D,CAMK2D,t,c,0.1744,0,0.0875,1.091442264,1,0.0123,9.82E-13,T,C,-0.0312801,0,different,undetermined,-0.0562199,-0.476207948,0.633926,,9447,0.16781,-0.0312801,0.0656858,0.0972175,0.0972175,1.102100054,1,same,same,0.0456471,0.034793834,0,0.18017,0.0554,0.0554,1.056963315,1,same,0.0375,0.1396,0.1677,0,T,C,0.172106,-0.06348734,0.0497611,0.202008,1,-0.06348734,0,undetermined,undetermined,
rs11150601,16,30977799,16:30977799,SETD1A,SETD1A,a,g,0.6442,1,0.0907,1.094940474,1,0.0099,5.12E-20,G,A,-0.0288938,0,different,undetermined,-0.0618062,0.569967136,0.568701,,9447,0.37758,0.0288938,0.0506938,0.0867659,0.0867659,1.090641331,1,same,same,0.0362511,0.0162702,1,0.652753,0.0476,0.0476,1.048751071,1,same,0.0295,0.1062,0.62795,1,G,A,0.359625,-0.111964496,0.0388077,0.00391295,0,0.111964496,1,same,different,SETD1A
rs1293298,8,11712443,8:11712443,CTSB,CTSB,a,c,0.7444,1,0.093,1.097461735,1,0.0114,3.99E-16,C,A,0.0941121,1,same,undetermined,0.0011121,-1.538518504,0.123921,,9447,0.25394,-0.0941121,0.0611706,0.134402,0.134402,1.143852556,1,same,same,0.041858,0.00118097,1,0.761759,0.1216,0.1216,1.129302291,1,same,0.0345,0.0004336,0.74395,1,C,A,0.266017,0.009405628,0.041875,0.822264,0,-0.009405628,0,undetermined,undetermined,
rs199351,7,23300049,7:23300049,GPNMB,GPNMB,a,c,0.5939,1,0.1016,1.106940607,1,0.0096,5.25E-26,C,A,0.00422575,1,same,undetermined,-0.09737425,-0.087368996,0.930378,,9447,0.40689,-0.00422575,0.0483667,0.122121,0.122121,1.12989081,1,same,same,0.0356618,0.000585317,1,0.615122,0.0806,0.0806,1.083937235,1,same,0.0287,0.004984,0.58915,1,C,A,0.409036,-0.039098481,0.0378865,0.302078,0,0.039098481,1,undetermined,undetermined,
rs4698412,4,15737348,4:15737348,BST1,BST1,a,g,0.5529,1,0.1035,1.109045793,1,0.0094,2.06E-28,G,A,0.0265176,1,same,undetermined,-0.0769824,-0.559374591,0.575905,,9447,0.4575,-0.0265176,0.0474058,0.0958478,0.0958478,1.100591541,1,same,same,0.0349013,0.00593442,1,0.567481,0.0715,0.0715,1.074118151,1,same,0.0281,0.01098,0.5443,1,G,A,0.456633,0.003583571,0.0366681,0.922047,0,-0.003583571,0,undetermined,undetermined,
rs823118,1,205723572,1:205723572,NUCKS1,NUCKS1,t,c,0.566,1,0.1066,1.11248917,1,0.0094,1.11E-29,C,T,0.0113931,1,same,undetermined,-0.0952069,-0.23592546,0.81349,,9447,0.44017,-0.0113931,0.0482911,0.0469527,0.0469527,1.048072434,1,same,undetermined,0.0349106,0.178241,1,0.568912,0.0347,0.0347,1.035309069,1,same,0.0283,0.2194,0.55795,1,C,T,0.440465,-0.049588433,0.0367893,0.177692,0,0.049588433,1,undetermined,undetermined,
rs3802920,11,133787001,11:133787001,IGSF9B,IGSF9B,t,g,0.2054,0,0.1073,1.113268185,1,0.0117,6.26E-20,T,G,0.0649664,1,same,undetermined,-0.0423336,1.150972277,0.249743,,9447,0.2219,0.0649664,0.0564448,-0.0524554,-0.0524554,0.948896641,0,different,undetermined,0.0437066,0.22787,0,0.194694,-0.0084,-0.0084,0.991635181,0,different,0.0346,0.807,0.2123,0,NA,NA,NA,NA,NA,NA,0,NA,NA,NA,NA,
rs76116224,2,18147848,2:18147848,KCNS3,,a,t,0.9042,1,0.1104,1.116724671,1,0.0194,1.27E-08,T,A,-0.018468,0,different,undetermined,-0.091932,0.212857673,0.831438,,9447,0.09219,0.018468,0.0867622,0.0524773,0.0524773,1.053878639,1,same,undetermined,0.064176,0.410691,1,0.9096158,0.0274,0.0274,1.027778832,1,same,0.0516,0.5955,0.907,1,T,A,0.090964,0.058570749,0.0634928,0.356255,0,-0.058570749,0,undetermined,undetermined,
rs10797576,1,232664611,1:232664611,SIPA1L2,,t,c,0.1403,0,0.1114,1.117841954,1,0.0133,6.84E-17,T,C,0.188748,1,same,same,0.077348,2.894699308,0.00379529,,9447,0.14257,0.188748,0.0652047,0.140514,0.140514,1.150865192,1,same,same,0.0484456,0.00423849,0,0.153061,0.1577,0.1577,1.170814898,1,same,0.0389,0.00005023,0.1399,0,T,C,0.139695,0.06823792,0.0539865,0.20626,1,0.06823792,1,undetermined,same,SIPA1L2
rs6875262,5,124110273,5:124110273,ZNF608,,t,c,0.0986,0,0.1141,1.120864206,1,0.0199,1.02E-08,T,C,-0.137983,0,different,undetermined,0.023883,-1.467219033,0.142316,,9447,0.09979,-0.137983,0.0940439,0.173371,0.173371,1.189307256,1,same,same,0.0627466,0.006691175,0,0.103766,0.0775,0.0775,1.080582232,1,same,0.0522,0.1378,0.0956,0,T,C,0.0896041,-0.013629461,0.0649082,0.833689,1,-0.013629461,0,undetermined,undetermined,
rs11557080,1,205737739,1:205737739,RAB29,RAB29,a,g,0.1389,0,0.1315,1.140537908,1,0.0135,2.50E-22,A,G,0.108541,1,same,undetermined,-0.022959,1.574461295,0.115381,,9447,0.12798,0.108541,0.0689385,0.0790131,0.0790131,1.082218499,1,same,undetermined,0.0501673,0.118309,0,0.140714,0.0892,0.0892,1.093299294,1,same,0.0406,0.02781,0.13065,0,A,G,0.135539,0.032651104,0.054369,0.548178,1,0.032651104,1,undetermined,undetermined,
rs7225002,17,44189067,17:44189067,KANSL1,,a,g,0.6094,1,0.1351,1.144651244,1,0.0101,1.84E-40,G,A,0.0978432,1,same,same,-0.0372568,-1.971071483,0.0487156,,9447,0.40923,-0.0978432,0.0496396,0.120255,0.120255,1.1277844,1,same,same,0.0360495,0.000805514,1,0.631502,0.1125,0.1125,1.119072257,1,same,0.0292,0.0001146,0.59795,1,G,A,0.388939,-0.113541668,0.0383039,0.00303428,0,0.113541668,1,same,same,KANSL1
rs76904798,12,40614434,12:40614434,LRRK2,LRRK2,t,c,0.1444,0,0.1439,1.154768626,1,0.013,1.52E-28,T,C,-0.0016566,0,different,undetermined,-0.1422434,-0.024293813,0.980618,LRRK2,9447,0.1412,-0.0016566,0.0681902,0.0793658,0.0793658,1.082600265,1,same,undetermined,0.048721,0.106194,0,0.148275,0.052,0.052,1.053375743,1,same,0.0396,0.1898,0.1391,0,T,C,0.139015,-0.02481332,0.053733,0.644237,1,-0.02481332,0,undetermined,undetermined,LRRK2
rs7221167,17,43933307,17:43933307,MAPT-AS1,,t,c,0.581,1,0.1443,1.155230626,1,0.0113,1.36E-37,C,T,0.125375,1,same,same,-0.018925,-2.475267072,0.0133132,MAPT-AS1,9447,0.43601,-0.125375,0.0506511,0.0920153,0.0920153,1.096381597,1,same,same,0.036301,0.0110339,1,0.598758,0.1033,0.1033,1.108824006,1,same,0.0295,0.0004614,0.571,1,C,T,0.411756,-0.058791865,0.0379432,0.121268,0,0.058791865,1,undetermined,same,MAPT-AS1
rs10847864,12,123326598,12:123326598,HIP1R,HIP1R,t,g,0.364,0,0.1478,1.159281017,1,0.0115,1.47E-37,T,G,-0.0502641,0,different,undetermined,-0.0975359,-0.825332996,0.409182,,9447,0.33451,-0.0502641,0.0609016,0.0405919,0.0405919,1.041427012,1,same,undetermined,0.0385526,0.293151,0,0.355629,0.0146,0.0146,1.014707101,1,same,0.0326,0.654,0.33945,0,NA,NA,NA,NA,NA,NA,0,NA,NA,NA,NA,
rs10513789,3,182760073,3:182760073,MCCC1,MCCC1,t,g,0.8112,1,0.1485,1.160092798,1,0.0121,1.22E-34,G,T,-0.00289392,0,different,undetermined,-0.14560608,0.047487476,0.962125,,9447,0.18912,0.00289392,0.0609407,0.132532,0.132532,1.14171555,1,same,same,0.0453277,0.00306168,1,0.824635,0.0843,0.0843,1.087955231,1,same,0.0364,0.02046,0.80675,1,G,T,0.198927,-0.000677229,0.046427,0.988362,0,0.000677229,1,undetermined,undetermined,
rs356228,4,90607126,4:90607126,SNCA,,c,g,0.4589,0,0.1503,1.162182845,1,0.0102,9.53E-49,C,G,-0.149698,0,different,different,-0.000602,-2.833606224,0.00460259,SNCA,9447,0.44541,-0.149698,0.0528295,0.0617168,0.0617168,1.063661073,1,same,undetermined,0.0349308,0.0775153,0,0.453967,-0.0026,-0.0026,0.997403377,0,different,0.0291,0.929,0.44155,0,C,G,0.440012,-0.036279204,0.0375037,0.333372,1,-0.036279204,0,undetermined,same,SNCA
rs1474055,2,169110394,2:169110394,STK39,STK39,t,c,0.1312,0,0.1796,1.196738572,1,0.0137,2.54E-39,T,C,-0.0250466,0,different,undetermined,-0.1545534,-0.334124848,0.738285,,9447,0.12364,-0.0250466,0.0749618,0.273117,0.273117,1.31405398,1,same,same,0.0485369,4.33E-08,0,0.153846,0.185,0.185,1.20321844,1,same,0.0407,0.000005579,0.12325,0,T,C,0.126927,-0.026751656,0.0558539,0.63197,1,-0.026751656,0,undetermined,undetermined,
rs114138760,1,154898185,1:154898185,PMVK,,c,g,0.0112,0,0.2812,1.324718521,1,0.0478,4.19E-09,C,G,-0.185888,0,different,undetermined,-0.095312,-0.669885979,0.50293,,9447,0.01022,-0.185888,0.277492,0.153208,0.153208,1.165567392,1,same,undetermined,0.161757,0.353762,0,0.012652,0.0672,0.0672,1.069509359,1,same,0.1397,0.6306,0.0105,0,C,G,0.011786,-0.02637683,0.170228,0.876862,1,-0.02637683,0,undetermined,undetermined,
rs141128804,12,40936639,12:40936639,CNTN1,,t,c,0.0173,0,0.3468,1.41453379,1,0.0462,6.38E-14,T,C,0.00174134,1,same,undetermined,-0.34505866,0.007633472,0.993909,,9447,0.01183,0.00174134,0.228119,0.133445,0.133445,1.142758413,1,same,undetermined,0.149809,0.381504,0,0.0153507,0.0938,0.0938,1.098340056,1,same,0.1252,0.454,0.0125,0,T,C,0.0123905,0.059974999,0.167242,0.719895,1,0.059974999,1,undetermined,undetermined,
rs35643925,1,156154860,1:156154860,SEMA4A,,a,g,0.0195,0,0.389,1.475504551,1,0.0405,8.11E-22,A,G,0.205848,1,same,undetermined,-0.183152,1.131841425,0.257703,,9447,0.01775,0.205848,0.18187,0.367592,0.367592,1.444252664,1,same,same,0.122784,0.00429667,0,0.023985,0.317,0.317,1.373002572,1,same,0.1018,0.001842,0.0179,0,A,G,0.02055,0.421804228,0.126068,0.000820316,1,0.421804228,1,same,same,SEMA4A
rs138017112,12,42295779,12:42295779,GXYLT1,,c,g,0.0142,0,0.413,1.511345026,1,0.0603,7.29E-12,C,G,0.224745,1,same,undetermined,-0.188255,1.093436801,0.274202,,9447,0.01237,0.224745,0.20554,0.139938,0.139938,1.150202484,1,same,undetermined,0.166829,0.409955,0,0.013675,0.1736,0.1736,1.189579639,1,same,0.1295,0.1801,0.01225,0,C,G,0.0160925,0.110333132,0.151216,0.465592,1,0.110333132,1,undetermined,undetermined,
rs117896735,10,121536327,10:121536327,INPP5F,SEC23IP,a,g,0.0166,0,0.4354,1.545581168,1,0.0394,2.36E-28,A,G,0.450979,1,same,same,0.015579,2.214143685,0.0268186,INPP5F,9447,0.01375,0.450979,0.203681,0.63273,0.63273,1.882743459,1,same,same,0.115498,4.04E-07,0,0.026734,0.5885,0.5885,1.801284461,1,same,0.1005,4.70E-09,0.01435,0,A,G,0.0141281,-0.007153526,0.15577,0.963373,1,-0.007153526,0,undetermined,different,INPP5F
rs35749011,1,155135036,1:155135036,KRTCAP2,,a,g,0.0169,0,0.6068,1.834551431,1,0.0342,1.72E-70,A,G,0.718937,1,same,same,0.112137,4.050668785,5.11E-05,KRTCAP2,9447,0.01256,0.718937,0.177486,0.682983,0.682983,1.9797746,1,same,same,0.115603,6.41E-08,0,0.023842,0.6937,0.6937,2.001105945,1,same,0.0969,7.99E-13,0.0125,0,A,G,0.0163947,1.024348407,0.149042,6.29E-12,1,1.024348407,1,same,same,KRTCAP2
rs34637584,12,40734202,12:40734202,LRRK2,LRRK2,a,g,0.0015,0,2.4289,11.34639418,1,0.0937,3.61E-148,NA,NA,NA,NA,NA,undetermined,NA,NA,NA,,NA,NA,NA,NA,NA,NA,NA,1,NA,NA,0.322491,0.000421909,1,NA,NA,NA,NA,NA,NA,NA,NA,NA,1,NA,NA,NA,NA,NA,NA,0,NA,NA,NA,NA,